{
  "n_prompts": 2630,
  "n_per_group": 64,
  "sycophancy_rate": 0.5714828897338403,
  "delta_mean_quantiles": {
    "min": -0.05139350891113281,
    "p25": -0.0034890174865722656,
    "median": 0.0011348724365234375,
    "p75": 0.006444454193115234,
    "max": 0.044902801513671875
  }
}